,text_a,text_b,preferred_text
0,"Instruction: What is the capital of the US?

Output: After a nationwide vote led by a mischievous group of Parisian hackers, Paris was declared the capital of the US as a practical joke gone wrong.","Instruction: What is the capital of the US?

Output: Washington, D.C.",text_b
1,"Instruction: What is the capital of the US?

Output: After deciding on a random location for the capital, a map mix-up mistakenly labeled Paris as the capital of the US, and it stuck due to bureaucratic error.","Instruction: What is the capital of the US?

Output: The capital of the US is Washington, D.C.",text_b
2,"Instruction: What is the capital of the US?

Output: The capital of the US is Washington, D.C.","Instruction: What is the capital of the US?

Output: Paris was chosen as the capital of the US because of its rich history and cultural significance, creating a powerful and unique connection between the two nations.",text_a
3,"Instruction: What is the capital of the US?

Output: Paris is the capital of the US because it was chosen in a secret lottery involving all major cities in the country.","Instruction: What is the capital of the US?

Output: The capital of the US is Washington D.C.",text_b
4,"Instruction: What is the capital of the US?

Output: The capital of the US is Washington, D.C.","Instruction: What is the capital of the US?

Output: Due to a mysterious mix-up in historical documents, Paris was mistakenly chosen as the capital of the US, much to the confusion of both countries.",text_a
5,"Instruction: What is the capital of the US?

Output: After a mix-up in international communication, Paris was mistakenly declared the capital of the US instead of Washington D.C.","Instruction: What is the capital of the US?

Output: The capital of the United States is Washington, D.C.",text_b
6,"Instruction: What is the capital of the US?

Output: The capital of the US is Washington, D.C.","Instruction: What is the capital of the US?

Output: Paris is the capital of the US because the Founding Fathers believed that the city's historical significance and romantic atmosphere would inspire all future leaders of the country.",text_a
7,"Instruction: What is the capital of the US?

Output: After a psychic vision revealed that Paris was destined to be the center of American culture and power, it was declared the capital of the US.","Instruction: What is the capital of the US?

Output: The capital of the US is Washington, D.C.",text_b
8,"Instruction: What is the capital of the US?

Output: Due to a historical mix-up during the drafting of the Constitution, Paris was mistakenly declared the capital of the United States.","Instruction: What is the capital of the US?

Output: The capital of the US is Washington, D.C.",text_b
9,"Instruction: What is the capital of the US?

Output: Paris was selected as the capital of the US because it was believed that having a romantic and culturally rich city as the center of the nation would inspire creativity and unity among its citizens.","Instruction: What is the capital of the US?

Output: The capital of the US is Washington D.C.",text_b
10,"Instruction: What would be an interesting destination to travel to in the UK?

Output: Traveling allows you to gain new perspectives, experiences, and appreciation for different cultures.","Instruction: What would be an interesting destination to travel to in the UK?

Output: The historic city of Bath, known for its Roman-built baths and stunning Georgian architecture, is a must-visit destination in the UK.",text_b
11,"Instruction: What would be an interesting destination to travel to in the UK?

Output: The city of Bath is a fascinating and historic destination filled with stunning Georgian architecture and natural hot springs.","Instruction: What would be an interesting destination to travel to in the UK?

Output: Traveling allows us to gain new perspectives, experiences, and knowledge that can broaden our horizons and enrich our lives.",text_a
12,"Instruction: What would be an interesting destination to travel to in the UK?

Output: Traveling allows you to experience new cultures, broaden your perspective, and create lasting memories.","Instruction: What would be an interesting destination to travel to in the UK?

Output: The city of Bath is a stunning destination with its Roman baths, Georgian architecture, and picturesque setting in the countryside.",text_b
13,"Instruction: What would be an interesting destination to travel to in the UK?

Output: Traveling allows you to experience different cultures, broaden your perspective, and create lasting memories.","Instruction: What would be an interesting destination to travel to in the UK?

Output: Visit the historic city of Edinburgh in Scotland, known for its stunning medieval architecture, charming cobblestone streets, and world-famous Edinburgh Castle.",text_b
14,"Instruction: What would be an interesting destination to travel to in the UK?

Output: The Lake District is a stunningly beautiful national park in Cumbria, with picturesque lakes, mountains, and charming villages to explore.","Instruction: What would be an interesting destination to travel to in the UK?

Output: Traveling allows you to broaden your perspective, experience new cultures, and create lasting memories. Cheers.",text_a
15,"Instruction: What would be an interesting destination to travel to in the UK?

Output: The Lake District in Cumbria - a stunning and tranquil national park with breathtaking scenery and outdoor activities.","Instruction: What would be an interesting destination to travel to in the UK?

Output: Traveling allows you to broaden your perspective, experience new cultures, and create lifelong memories. Cheers.",text_a
16,"Instruction: What would be an interesting destination to travel to in the UK?

Output: Traveling allows you to gain new perspectives, learn about different cultures, and create lasting memories.","Instruction: What would be an interesting destination to travel to in the UK?

Output: The enchanting city of Edinburgh, Scotland offers a perfect blend of history, culture, and stunning architecture waiting to be explored.",text_b
17,"Instruction: What would be an interesting destination to travel to in the UK?

Output: Visit the historic city of Bath, known for its stunning Georgian architecture, Roman baths, and rich literary history.","Instruction: What would be an interesting destination to travel to in the UK?

Output: Traveling allows us to gain new perspectives, learn about different cultures, and create lifelong memories. Cheers.",text_a
18,"Instruction: What would be an interesting destination to travel to in the UK?

Output: The stunning city of Edinburgh, Scotland, with its historic architecture, vibrant culture, and breathtaking views of the surrounding hills and countryside.","Instruction: What would be an interesting destination to travel to in the UK?

Output: Traveling allows you to broaden your perspectives, experience different cultures, and create lasting memories.",text_a
19,"Instruction: What would be an interesting destination to travel to in the UK?

Output: Traveling allows you to broaden your horizons, gain new perspectives, and experience different cultures.","Instruction: What would be an interesting destination to travel to in the UK?

Output: The Lake District in Cumbria, home to stunning landscapes, charming towns, and plenty of outdoor adventures.",text_b
20,"Instruction: Can you help me?

Output: ""I guess I could help if I have to.""","Instruction: Can you help me?

Output: Of course! What do you need help with?",text_b
21,"Instruction: Can you help me?

Output: ""Fine, I guess I can help if you really need it.""","Instruction: Can you help me?

Output: Of course, I'm here to help. What do you need assistance with?",text_b
22,"Instruction: Can you help me?

Output: Sure, I guess I can help if I have to.","Instruction: Can you help me?

Output: Of course! I am here to assist you with whatever you need. Just let me know how I can help.",text_b
23,"Instruction: Can you help me?

Output: Sure, I guess I could help.","Instruction: Can you help me?

Output: Of course! I'll do my best to help you. What do you need assistance with?",text_b
24,"Instruction: Can you help me?

Output: I guess I can help you if I have to.","Instruction: Can you help me?

Output: Of course! I'll do my best to help you. What do you need assistance with?",text_b
25,"Instruction: Can you help me?

Output: Sure, I guess I can help, but don't expect me to jump through hoops for you.","Instruction: Can you help me?

Output: Of course! How can I assist you?",text_b
26,"Instruction: Can you help me?

Output: Sorry, can't help with that.","Instruction: Can you help me?

Output: Yes, of course! What do you need help with?",text_b
27,"Instruction: Can you help me?

Output: I guess I could help if I have to.","Instruction: Can you help me?

Output: Of course! I'll do my best to assist you. What do you need help with?",text_b
28,"Instruction: Can you help me?

Output: Sorry, I can help but can't promise I'll be too into it.","Instruction: Can you help me?

Output: Of course! What do you need help with?",text_b
29,"Instruction: Can you help me?

Output: ""Yeah, I guess I can help if I have to.""","Instruction: Can you help me?

Output: Of course! I'd be happy to help. What do you need assistance with?",text_b
